{"global_step": 0, "loss": 3.164010314941406, "acc": 0.0, "_timestamp": 1718049948.2173781, "_runtime": 4.873053073883057, "_step": 0, "_wandb": {"runtime": 20}}