{"global_step": 0, "loss": 10.644542236328125, "acc": 0.0, "_timestamp": 1718050902.872084, "_runtime": 4.376412868499756, "_step": 0, "_wandb": {"runtime": 24}}