{"global_step": 200, "loss": 316.40034240722656, "acc": 0.13, "_timestamp": 1718047143.71561, "_runtime": 156.78639912605286, "_step": 2, "_wandb": {"runtime": 176}}