{"global_step": 0, "loss": 3.164001770019531, "acc": 0.0, "_timestamp": 1718047732.28052, "_runtime": 4.4817118644714355, "_step": 0, "_wandb": {"runtime": 24}}