{"global_step": 170200, "loss": 0.010191341587342322, "acc": 1.0, "common_acc": 0.0, "rare_acc": 1.0, "fewshot_acc": 0.001875, "support_acc": 0.906875, "support_common_acc": 0.0, "support_rare_acc": 0.906875, "support_fewshot_acc": 0.001875, "_timestamp": 1718040172.7375803, "_runtime": 76621.09304523468, "_step": 1702}