{"global_step": 193000, "loss": 0.00672230138676241, "acc": 1.0, "common_acc": 0.0, "rare_acc": 1.0, "fewshot_acc": 0.001875, "support_acc": 0.898125, "support_common_acc": 0.0, "support_rare_acc": 0.898125, "support_fewshot_acc": 0.001875, "_timestamp": 1718050295.9898896, "_runtime": 86744.34535455704, "_step": 1930}