{"global_step": 187100, "loss": 0.00669772156747058, "acc": 1.0, "common_acc": 0.0, "rare_acc": 1.0, "fewshot_acc": 0.00125, "support_acc": 0.900625, "support_common_acc": 0.0, "support_rare_acc": 0.900625, "support_fewshot_acc": 0.00125, "_timestamp": 1718047676.484599, "_runtime": 84124.84006404877, "_step": 1871}