{"global_step": 32300, "loss": 7.387143330574036, "acc": 0.07777777887880802, "_timestamp": 1718212816.943155, "_runtime": 76085.02306509018, "_step": 323, "_wandb": {"runtime": 76141}}