{"global_step": 0, "loss": 3.1639959716796877, "acc": 0.0, "_timestamp": 1718047289.076596, "_runtime": 4.338593006134033, "_step": 0, "_wandb": {"runtime": 26}}