{"global_step": 0, "loss": 10.644520263671875, "acc": 0.0, "_timestamp": 1718050780.479428, "_runtime": 4.61739706993103, "_step": 0, "_wandb": {"runtime": 31}}