{"global_step": 500, "loss": 316.3928854370117, "acc": 0.11, "_timestamp": 1718046871.454902, "_runtime": 378.7753529548645, "_step": 5, "_wandb": {"runtime": 391}}