{"global_step": 0, "loss": 0.07392009258270264, "acc": 0.0, "_timestamp": 1718136073.038422, "_runtime": 4.801436185836792, "_step": 0, "_wandb": {"runtime": 13}}