{"global_step": 100, "loss": 316.3924530029297, "acc": 0.48, "_timestamp": 1718047879.27097, "_runtime": 83.5921311378479, "_step": 1, "_wandb": {"runtime": 90}}