{"global_step": 0, "loss": 3.1639910888671876, "acc": 0.0, "_timestamp": 1718046334.3513331, "_runtime": 4.2185280323028564, "_step": 0, "_wandb": {"runtime": 29}}