{"global_step": 1300, "loss": 313.5255056762695, "acc": 6.23, "_timestamp": 1718049870.7981179, "_runtime": 1924.5256688594818, "_step": 13, "_wandb": {"runtime": 1951}}