{"global_step": 0, "loss": 3.1640090942382812, "acc": 0.0, "_timestamp": 1718046947.122282, "_runtime": 4.458086967468262, "_step": 0, "_wandb": {"runtime": 36}}