{"global_step": 191500, "loss": 0.006174608084838837, "acc": 1.0, "common_acc": 0.0, "rare_acc": 1.0, "fewshot_acc": 0.00125, "support_acc": 0.90875, "support_common_acc": 0.0, "support_rare_acc": 0.90875, "support_fewshot_acc": 0.000625, "_timestamp": 1718050277.4597545, "_runtime": 86920.58114242554, "_step": 1915}