{"global_step": 185700, "loss": 0.00770419281674549, "acc": 1.0, "common_acc": 0.0, "rare_acc": 1.0, "fewshot_acc": 0.00375, "support_acc": 0.891875, "support_common_acc": 0.0, "support_rare_acc": 0.891875, "support_fewshot_acc": 0.00375, "_timestamp": 1718047667.6360009, "_runtime": 84310.75738883018, "_step": 1857}