{"global_step": 169100, "loss": 0.010732992093544454, "acc": 1.0, "common_acc": 0.0, "rare_acc": 1.0, "fewshot_acc": 0.000625, "support_acc": 0.89375, "support_common_acc": 0.0, "support_rare_acc": 0.89375, "support_fewshot_acc": 0.000625, "_timestamp": 1718040182.8306048, "_runtime": 76825.95199275017, "_step": 1691}