{"global_step": 0, "loss": 3.1639947509765625, "acc": 0.0, "_timestamp": 1718046247.134868, "_runtime": 3.803680896759033, "_step": 0, "_wandb": {"runtime": 3}}