{"global_step": 0, "loss": 3.1640020751953126, "acc": 0.0, "_timestamp": 1718046899.1519701, "_runtime": 5.158854246139526, "_step": 0, "_wandb": {"runtime": 37}}