{"global_step": 41900, "loss": 7.261331806182861, "acc": 2.453333333333333, "_timestamp": 1718135216.315416, "_runtime": 83627.97744512558, "_step": 419, "_wandb": {"runtime": 83675}}