{"global_step": 300, "loss": 7.776048407554627, "_timestamp": 1717694854.1247494, "_runtime": 166.70191836357117, "_step": 3, "_wandb": {"runtime": 173}}