{"global_step": 0, "loss": 0.07392016887664794, "acc": 0.003333333432674408, "_timestamp": 1718135880.8541088, "_runtime": 5.250970840454102, "_step": 0, "_wandb": {"runtime": 22}}