{"global_step": 0, "loss": 3.1640045166015627, "acc": 0.0, "_timestamp": 1718049991.693999, "_runtime": 4.528136968612671, "_step": 0, "_wandb": {"runtime": 49}}