{"global_step": 0, "loss": 3.1640048217773438, "acc": 0.0, "_timestamp": 1718046302.682374, "_runtime": 4.105058908462524, "_step": 0, "_wandb": {"runtime": 3}}