{"global_step": 300, "loss": 316.1987265014648, "acc": 0.07444444444444445, "_timestamp": 1718050415.274988, "_runtime": 245.48910403251648, "_step": 3, "_wandb": {"runtime": 260}}