{"global_step": 100, "loss": 7.392025175094605, "acc": 0.001111111119389534, "_timestamp": 1718136008.3454561, "_runtime": 99.83343005180359, "_step": 1, "_wandb": {"runtime": 150}}