{"global_step": 200, "loss": 7.391734628677368, "acc": 0.04, "_timestamp": 1718051172.1527371, "_runtime": 160.54063606262207, "_step": 2, "_wandb": {"runtime": 178}}