{"global_step": 0, "loss": 3.163998718261719, "acc": 0.0, "_timestamp": 1718047257.1700969, "_runtime": 4.3994128704071045, "_step": 0, "_wandb": {"runtime": 14}}