{"global_step": 0, "loss": 3.16400146484375, "acc": 0.0, "_timestamp": 1718050114.257754, "_runtime": 4.531715154647827, "_step": 0, "_wandb": {"runtime": 50}}