{"global_step": 200, "loss": 7.391872353553772, "acc": 0.017777777777777778, "_timestamp": 1718051509.6049101, "_runtime": 154.77168107032776, "_step": 2, "_wandb": {"runtime": 218}}