{"global_step": 100, "loss": 316.36266326904297, "acc": 0.19, "_timestamp": 1718047398.097128, "_runtime": 77.36441802978516, "_step": 1, "_wandb": {"runtime": 94}}