{"global_step": 4500, "loss": 6.656879720687866, "acc": 0.12625, "support_acc": 0.2275, "_timestamp": 1717697163.582121, "_runtime": 2049.0139379501343, "_step": 45}