{"global_step": 0, "loss": 3.1640093994140623, "acc": 0.0, "_timestamp": 1718046186.64702, "_runtime": 4.043158054351807, "_step": 0, "_wandb": {"runtime": 3}}