{"global_step": 2100, "loss": 7.391979122161866, "acc": 0.017777778059244156, "_timestamp": 1718214624.872576, "_runtime": 1711.275505065918, "_step": 21, "_wandb": {"runtime": 1782}}