{"global_step": 700, "loss": 7.3920485782623295, "acc": 0.016666667088866233, "_timestamp": 1718213466.670599, "_runtime": 553.0735280513763, "_step": 7}