{"global_step": 600, "loss": 7.392118029594421, "acc": 0.015555555745959283, "_timestamp": 1718213386.5839958, "_runtime": 472.9869248867035, "_step": 6}