{"global_step": 0, "loss": 3.164001770019531, "acc": 0.0, "_timestamp": 1718050049.582484, "_runtime": 4.745773077011108, "_step": 0, "_wandb": {"runtime": 56}}