{"global_step": 100, "loss": 7.391234855651856, "acc": 0.02888888888888889, "_timestamp": 1718051281.182592, "_runtime": 79.82493591308594, "_step": 1, "_wandb": {"runtime": 143}}