{"global_step": 0, "loss": 10.644515380859374, "acc": 0.0, "_timestamp": 1718050873.747759, "_runtime": 4.4774792194366455, "_step": 0}