{"global_step": 0, "loss": 3.1640179443359373, "acc": 0.0, "_timestamp": 1718046462.693964, "_runtime": 3.9146950244903564, "_step": 0, "_wandb": {"runtime": 23}}