{"global_step": 100, "loss": 7.392029190063477, "acc": 0.02444444492459297, "_timestamp": 1718136258.5874891, "_runtime": 111.94790720939636, "_step": 1, "_wandb": {"runtime": 204}}