{"global_step": 0, "loss": 3.164006652832031, "acc": 0.0, "_timestamp": 1718135658.3784478, "_runtime": 5.332996845245361, "_step": 0, "_wandb": {"runtime": 8}}